title,NPC_total,NPC_chunks,NPC_variations,NPC_sequences,NPC_grammar,NPC_ho,NPC_au,unique_pitches,unique_durations,encoding_length,num_unique_chunks,num_variations
SparrowsNestThe,126,20,11,64,31,0,0,6,4,65,8,12
PipersChairThe,117,14,9,64,30,0,0,6,3,65,6,10
OConnellsFarewelltoDublinreel,195,37,11,96,51,0,0,11,5,97,10,11
FairyQueenhornpipeThe,221,112,3,63,43,0,0,14,6,64,35,3
BonnieKatesecondversionreel,327,118,10,127,72,0,0,15,8,128,31,11
Cloonereel,142,48,3,63,28,0,0,11,4,64,14,4
DukeofLeinsterreelThe,65,9,5,32,19,0,0,5,2,33,3,5
KingofJigsThe,211,15,11,128,57,0,0,6,2,129,8,11
SpeyinSpatereelThe,167,67,6,65,29,0,0,16,3,66,18,6
PrideofKildarereelThe,87,33,3,32,19,0,0,8,4,33,10,3
JohnSlatterysReel,171,64,5,66,36,0,0,9,5,67,21,5
RoseintheHeatherThe,144,42,6,64,32,0,0,11,4,65,16,9
JamesGannonsDelight,131,35,4,64,28,0,0,7,4,65,16,7
StoneyBatter,137,28,11,62,36,0,0,10,3,63,11,12
MickeyCallaghansJig,154,39,12,62,41,0,0,10,6,63,14,13
ColonelRogersreel,112,54,2,31,25,0,0,12,4,32,15,3
HorseHillSlideThe,135,27,10,63,35,0,0,9,4,64,11,12
TwoBirdsintheTreereel,173,74,4,64,31,0,0,12,3,65,21,4
FoghornHornpipeThe,156,60,3,64,29,0,0,15,5,65,18,3
DillonBrownreel,158,57,6,64,31,0,0,9,3,65,18,6
PigeonsWaitforEasterreel,89,39,1,31,18,0,0,11,2,32,11,2
MerryHarriersreelThe,82,30,2,32,18,0,0,8,5,33,8,2
PlainsofBoylehornpipeThe,163,64,4,64,31,0,0,12,4,65,18,4
PortrushJigThe,96,24,5,47,20,0,0,10,3,48,7,7
LooBridgeJigThe,102,8,5,64,25,0,0,3,2,65,5,5
HumorsofTirconnellreelThe,109,13,8,64,24,0,0,5,3,65,4,8
UpandAboutIntheMorningslide,159,53,4,63,39,0,0,10,3,64,25,5
MossyBanksbreelThe,225,79,7,95,44,0,0,12,5,96,23,9
TonrasJig,121,18,11,64,28,0,0,8,5,65,6,11
PipersLordMcDonaldreelThe,103,51,1,31,20,0,0,10,2,32,14,1
OrangeandGreen,108,10,6,64,28,0,0,4,3,65,5,8
TenpennyPieceThe,92,12,8,48,24,0,0,6,3,49,6,8
FrazersReel,97,45,1,31,20,0,0,12,4,32,11,1
TwoandSixpennyGirl,201,43,12,96,50,0,0,12,4,97,15,16
FairhairedBoyreelThe,155,60,4,63,28,0,0,11,4,64,17,3
RoaringMaryreel,134,47,3,63,21,0,0,11,2,64,13,3
MargotJacksonreel,146,46,7,64,29,0,0,12,2,65,14,9
SheahansFancy,106,10,6,64,26,0,0,5,2,65,5,7
ButchersMarchiThe,107,11,5,64,27,0,0,4,2,65,7,5
PinchofSnuffreelThe,256,105,8,84,59,0,0,17,6,85,30,10
ElizabethKellys,125,31,4,63,27,0,0,10,3,64,12,5
BridgetFlynnsreel,101,43,4,32,22,0,0,10,4,33,14,4
LimestoneRockreelThe,108,46,5,32,25,0,0,11,3,33,14,5
MollyMaguirereel,127,66,5,31,25,0,0,14,4,32,19,6
ClimbingVinereelThe,91,40,1,31,19,0,0,11,4,32,10,1
NineMileHousereel,189,73,2,79,35,0,0,13,3,80,23,3
HenandHerClutchreelThe,104,48,4,30,22,0,0,11,5,31,16,3
VolunteerReelThe,147,52,4,64,27,0,0,10,3,65,16,4
FatherSkehansJig,107,4,11,64,28,0,0,2,2,65,2,12
RattletheQuilt,108,9,8,64,27,0,0,4,3,65,5,8
MintintheCornreel,93,33,7,32,21,0,0,10,5,33,8,7
McDermottshornpipe,160,63,6,64,27,0,0,14,6,65,14,6
JennysWelcometoCharliereel,274,119,7,79,69,0,0,13,6,80,38,8
SkyWithoutCloudspolkaA,131,28,7,63,33,0,0,10,4,64,10,9
PatWardsslide,255,53,11,123,68,0,0,11,5,124,25,22
MastersDrowsyMaggiereelThe,197,77,7,64,49,0,0,13,4,65,22,9
TenpennyBitThe,106,10,8,64,24,0,0,5,2,65,5,9
WildDucksFlightThe,112,8,10,64,30,0,0,3,3,65,4,10
JacksonsPostChaise,110,9,9,64,28,0,0,5,2,65,4,9
TearIttoRags,114,14,9,64,27,0,0,6,3,65,7,10
TumbletheTailor,120,14,10,64,32,0,0,7,3,65,6,10
GodSpeedthePloughreel,138,29,9,63,37,0,0,9,4,64,9,9
FairWindreelThe,113,41,1,47,24,0,0,8,4,48,13,1
SettingSunJigThe,109,9,9,64,27,0,0,4,3,65,4,9
FahysJig,112,6,9,64,33,0,0,3,2,65,3,9
LancersQuadrillepolka,140,39,6,64,31,0,0,12,3,65,14,9
MissKellysFavoritereel,124,64,4,31,25,0,0,12,4,32,16,5
MrsRossJig,118,22,8,63,25,0,0,8,3,64,7,10
RockfieldCottagesreelThe,163,66,5,63,29,0,0,13,5,64,19,5
TeeReeReelThe,219,108,5,62,44,0,0,12,4,63,32,6
SilverSpirereelThe,249,123,11,61,54,0,0,14,4,62,37,11
JennysFollyreel,297,105,11,124,57,0,0,16,5,125,30,11
FairWindreel,109,19,4,64,22,0,0,5,4,65,5,4
CalendarJigThe,197,10,9,128,50,0,0,4,2,129,5,10
CrabsintheGreasepot,217,53,9,108,47,0,0,12,4,109,16,10
SouthRoadtoAranThe,118,11,9,64,34,0,0,5,3,65,5,12
Kanesreel,94,45,1,31,17,0,0,12,3,32,12,1
RedSkyatSunset,124,12,14,64,34,0,0,6,3,65,5,17
PrettyGirlsofMayoreelThe,59,7,4,32,16,0,0,3,2,33,2,4
LaurasDelight,135,36,6,64,29,0,0,12,4,65,12,8
ChristeningreelThe,102,53,1,31,17,0,0,13,5,32,13,1
GrandGatesofAnnesbrookreelThe,215,50,2,127,36,0,0,12,2,128,15,2
Glencolmcillereel,141,37,9,64,31,0,0,13,4,65,9,10
RollingintheBarrelreel,111,56,1,32,22,0,0,12,5,33,16,1
StageReelThe,181,79,6,64,32,0,0,15,5,65,21,6
AntrimRosereel,137,44,3,64,26,0,0,8,4,65,14,3
KilcumminSlide,147,36,13,62,36,0,0,11,3,63,16,14
FarnaughtJigThe,161,13,7,96,45,0,0,6,3,97,6,8
MillersMaidreelThe,174,89,5,45,35,0,0,11,6,46,26,4
PrestonsReel,103,48,4,31,20,0,0,11,3,32,12,4
LordMounteaglesreel,105,12,6,64,23,0,0,4,3,65,4,6
GillespiesHornpipe,91,37,3,32,19,0,0,9,3,33,11,3
MasonsApronreelThe,164,55,10,64,35,0,0,7,4,65,17,11
DroversLads,119,30,4,63,22,0,0,9,4,64,10,4
StonyStepsreelThe,121,59,6,31,25,0,0,13,3,32,15,5
JamesGannonsJig,111,13,8,64,26,0,0,7,3,65,5,9
DivingDuckpolkaThe,137,39,4,65,29,0,0,9,3,66,14,7
DublinPorterreel,174,61,10,64,39,0,0,11,6,65,18,10
TaptheBarrelreel,209,51,2,127,29,0,0,13,4,128,12,2
ReensPolkaThe,127,26,10,64,27,0,0,8,4,65,8,10
GlassanSlideThe,111,13,8,64,26,0,0,6,3,65,6,8
JimmyDoylesFavoritepolka,126,30,6,64,26,0,0,10,4,65,10,8
SligotoDublinpolka,126,27,9,61,29,0,0,10,3,62,9,12
LiverpoolBreakdownhpipeThe,155,62,3,64,26,0,0,12,3,65,18,3
WillieColemans,164,39,8,79,38,0,0,11,5,80,13,10
ShoveIntoMeJoaniepolka,97,4,8,64,21,0,0,2,2,65,2,10
BeggarmansReelThe,111,49,6,32,24,0,0,13,6,33,12,5
MaidOfCastlebarreelThe,144,78,4,31,31,0,0,15,4,32,23,5
OwenmorePolkaThe,131,34,6,64,27,0,0,11,3,65,15,7
MangansFancyreel,66,2,9,32,23,0,0,1,1,33,1,9
BoysofBallyscallyThe,151,53,4,64,30,0,0,15,3,65,19,4
TosstheFeathersreel,256,88,1,127,40,0,0,18,8,128,23,1
SallyGardensreelThe,120,25,6,64,25,0,0,9,4,65,8,6
PleasanttoStart,72,20,5,31,16,0,0,8,3,32,7,5
BlackSticksreelThe,156,56,10,49,41,0,0,11,2,50,19,10
PatsParlour,129,33,5,64,27,0,0,8,4,65,14,6
HumorsofCastlefinnreelThe,107,45,6,32,24,0,0,12,3,33,13,6
GannonsDelight,111,14,8,62,27,0,0,7,3,63,7,9
HighwaytoKilkennyThe,104,24,9,47,24,0,0,9,4,48,9,10
GameCockreelThe,89,36,4,31,18,0,0,10,4,32,9,4
SundayBellsreelThe,120,54,5,33,28,0,0,12,4,34,18,5
PaddyMurphysWifereel,166,74,2,63,27,0,0,14,3,64,17,2
DanSullivansFancyhornpipe,182,60,8,80,34,0,0,12,8,81,15,8
LackaghCrosspolka,131,34,7,64,26,0,0,10,5,65,11,7
ATripToGalway,113,7,12,64,30,0,0,3,2,65,4,12
SportingPaddyreel,97,39,4,32,22,0,0,11,3,33,11,4
RakesofTerrygoldenreelThe,113,50,6,31,26,0,0,9,3,32,15,6
DanthePumpreel,113,55,4,31,23,0,0,12,5,32,14,4
MollyMurphysReel,96,43,2,31,20,0,0,11,3,32,11,2
LimerickBlacksmithThe,143,40,8,63,32,0,0,12,3,64,16,9
PipersNewHousehornpipeThe,118,29,3,64,22,0,0,7,3,65,10,3
AlltheWorldLovesMereel,76,15,9,31,21,0,0,7,2,32,4,9
KinvaraReelThe,167,75,5,47,40,0,0,11,3,48,21,4
MrsLongsTartanPlaidreel,111,46,8,32,25,0,0,13,6,33,13,8
RainyDayJigThe,118,14,8,63,33,0,0,8,3,64,6,8
BallinafadFancypolkaThe,146,40,18,46,42,0,0,12,5,47,15,22
HighRoadtoDublinThe,103,30,2,47,24,0,0,10,2,48,10,5
FroginthePuddleThe,120,14,11,64,31,0,0,8,3,65,5,11
CabinHunterreel,116,53,6,31,26,0,0,10,4,32,16,6
HumorsofWhiskeyThe,112,35,3,47,27,0,0,10,4,48,12,4
McDonaghsApples,142,42,4,64,32,0,0,9,3,65,18,5
NewFrockThe,131,31,6,64,30,0,0,7,3,65,13,8
GreenGatesreelThe,124,28,8,64,24,0,0,8,4,65,7,8
WrenHornpipe,165,64,4,64,33,0,0,11,6,65,15,4
JohnnyOLearyspolka,112,19,6,65,22,0,0,7,3,66,7,6
TomDowdsFavoritereel,92,36,3,32,21,0,0,9,3,33,13,3
ThrowtheBeetleatHer,93,23,3,47,20,0,0,8,2,48,8,3
JohnColtonsreel,150,55,6,63,26,0,0,12,3,64,14,6
AlltheWaytoGalwayreel,131,43,3,63,22,0,0,13,4,64,10,4
CrimlinCatreelThe,217,40,11,127,39,0,0,13,3,128,10,11
MaryBrennansFavorite,114,17,7,63,27,0,0,8,3,64,6,12
FallofSnowThe,148,12,8,96,32,0,0,6,3,97,5,8
LaCosaMulliganreel,165,71,2,63,29,0,0,14,5,64,21,2
MasterHenrysReel,123,65,2,31,25,0,0,13,5,32,19,2
MissMcGuinessreel,66,8,6,32,20,0,0,2,3,33,3,6
LimerickSquireThe,109,7,11,62,29,0,0,3,2,63,3,11
RoscommonReelThe,147,58,5,48,36,0,0,12,4,49,17,5
BrianoLaimhinreel,85,37,1,31,16,0,0,10,3,32,8,2
MaidofattheSpinningWheelThe,199,10,12,128,49,0,0,5,3,129,4,13
JackandJillreel,144,60,2,48,34,0,0,10,3,49,18,2
JimMcGuirksReel,126,33,5,64,24,0,0,11,3,65,12,5
AchonryLassesreelThe,120,54,6,32,28,0,0,13,4,33,15,6
BaconandBeanshornpipe,108,44,8,32,24,0,0,10,3,33,15,8
HumorsofWhitegatereelThe,143,51,4,63,25,0,0,11,5,64,12,5
KiltycreenReelThe,108,48,5,32,23,0,0,11,4,33,15,5
ToptoBottomreel,150,86,4,32,28,0,0,15,6,33,22,4
SligoMaidreelThe,173,75,5,63,30,0,0,16,3,64,19,5
MissBrownsFancy,199,41,8,111,39,0,0,14,2,112,14,10
ScullyCaseyshornpipe,169,66,6,64,33,0,0,11,5,65,20,6
TimMulloneysreel,146,50,5,63,28,0,0,12,3,64,14,5
MerryBlacksmithreelThe,161,41,8,64,48,0,0,10,6,65,12,9
HumorsofDrinaghThe,140,42,4,64,30,0,0,12,3,65,16,6
FortheSakeofOldDecencyreel,93,41,3,31,18,0,0,9,3,32,12,2
SallysBroomstick,102,28,3,47,24,0,0,10,2,48,10,7
FahysReel,183,81,4,62,36,0,0,16,5,63,24,4
MisterJonesKerryReel,146,77,6,32,31,0,0,13,5,33,22,6
ComeUpstairswithMe,88,8,8,48,24,0,0,3,3,49,4,8
TarmonPolka,105,16,5,63,21,0,0,5,3,64,6,7
ViewfromBlackHeadThe,105,10,6,64,25,0,0,5,2,65,5,6
DairyMaidThe,119,14,9,63,33,0,0,6,3,64,4,13
MonasterevinFancyreelThe,115,39,4,48,24,0,0,10,5,49,10,4
RookontheThatchreelThe,114,59,2,31,22,0,0,12,7,32,15,2
OliversOwnreel,127,39,3,64,21,0,0,9,3,65,12,3
GreenFieldsofAmericareelThe,166,59,9,64,34,0,0,11,6,65,16,9
JacksAlivereel,95,43,2,31,19,0,0,11,3,32,11,3
JohnnyBringtheBoxpolka,110,19,3,63,25,0,0,7,4,64,8,3
ChurchHill,112,22,3,63,24,0,0,7,2,64,7,3
HumorsofDerrycrossaneThe,105,20,9,47,29,0,0,7,3,48,7,10
YoungAndStylish,243,46,8,149,40,0,0,12,3,150,19,10
ButchersMarchiiiThe,159,16,4,96,43,0,0,7,2,97,9,4
BrightLakePolkaThe,131,35,7,64,25,0,0,11,3,65,13,7
PrettyBrownGirlThe,196,57,11,76,52,0,0,10,4,77,24,16
OKeeffesMusicalGlobeslide,130,30,8,64,28,0,0,10,4,65,11,10
DougansFancyreel,84,24,8,32,20,0,0,8,3,33,6,8
PaddyBreens,149,39,9,62,39,0,0,9,4,63,18,9
FairandFortyhornpipe,163,70,2,64,27,0,0,13,3,65,18,3
IHaveNoMoneyreel,128,68,3,30,27,0,0,11,3,31,20,3
GetUpOldWoman,113,12,8,64,29,0,0,6,3,65,6,10
SonnysLimestoneRockreel,83,24,5,32,22,0,0,6,5,33,9,6
DinnyOBriensreel,283,93,10,126,54,0,0,12,4,127,29,12
JohnnyMickeysSlide,108,8,7,64,29,0,0,3,3,65,4,12
MeenacrossReelThe,109,50,4,32,23,0,0,13,2,33,13,5
PinkeenThe,133,11,10,79,33,0,0,5,3,80,5,14
WiseNora,289,29,9,192,59,0,0,11,3,193,8,12
EarlsChairreelThe,140,38,6,64,32,0,0,8,3,65,14,8
JohnKellysSlide,126,20,12,60,34,0,0,8,6,61,9,13
CleaningtheHenhousereel,106,53,1,31,21,0,0,13,4,32,15,1
LadyGordonreel,119,54,7,32,26,0,0,10,4,33,16,6
TaidhgMyDarlingreel,87,20,9,31,27,0,0,5,3,32,6,9
LadWhoCanDoItThe,130,38,3,64,25,0,0,12,3,65,13,4
KildareFancyhornpipeThe,222,109,8,63,42,0,0,9,5,64,31,8
BackofthePipesreel,149,45,10,64,30,0,0,11,3,65,14,8
MusicClubreelThe,150,51,7,63,29,0,0,12,2,64,15,7
DowntheHilltoDoolinreel,159,63,4,63,29,0,0,12,3,64,17,4
Lynchsreel,106,47,4,32,23,0,0,10,4,33,14,4
ThatchersMalletreelThe,91,23,7,32,29,0,0,9,3,33,9,7
GossoonthatBeatHisFatherreelThe,97,43,2,32,20,0,0,10,3,33,12,2
OldPigeonontheGateThe,105,50,1,32,22,0,0,10,5,33,14,1
SaltandPepperPolkaThe,114,13,10,63,28,0,0,4,4,64,5,12
LuckPennyThe,208,47,11,96,54,0,0,11,4,97,18,19
QueenoftheRushesThe,323,42,9,221,51,0,0,14,4,222,15,11
KilkennyPriestThe,130,29,8,62,31,0,0,11,4,63,13,12
LeahysJig,116,16,7,64,29,0,0,6,5,65,7,7
IrishWasherwomanThe,158,42,8,64,44,0,0,11,3,65,18,14
AftertheHarereel,104,48,3,31,22,0,0,10,3,32,13,3
CribofPerchesreelThe,181,82,6,63,30,0,0,12,4,64,22,5
MaidOfMountKiscoreelThe,212,80,8,79,45,0,0,13,4,80,22,11
LordBanffsReel,108,54,2,31,21,0,0,13,3,32,15,2
MountScotJigThe,107,14,5,64,24,0,0,6,3,65,7,5
BattleofAughrimpolkaThe,129,23,11,64,31,0,0,9,4,65,8,14
BuckleytheFiddlerreel,68,8,7,34,19,0,0,3,3,35,4,7
FantasticReelThe,123,20,10,64,29,0,0,8,4,65,5,10
GoingtotheRaces,114,10,8,64,32,0,0,4,2,65,6,8
BrothersPipesreel,101,46,2,32,21,0,0,11,3,33,13,3
AlexandersMarch,78,32,0,31,15,0,0,9,3,32,10,0
UnionReelThe,256,102,9,95,50,0,0,11,3,96,30,9
GerryCommanesreel,170,67,6,64,33,0,0,13,4,65,21,7
SkylarkreelThe,180,82,5,63,30,0,0,13,3,64,21,5
LadyfromBaltimorereelThe,76,15,7,32,22,0,0,6,3,33,5,7
MickeyConnellsHornpipe,152,60,3,64,25,0,0,13,5,65,17,3
FarrellOGarareel,229,109,14,62,44,0,0,13,4,63,29,11
KidThe,138,30,10,64,34,0,0,10,3,65,13,11
BeanaTiArLarreel,101,43,5,32,21,0,0,11,3,33,11,5
KillannansFancyreel,137,76,1,30,30,0,0,12,5,31,26,2
FairhairedBoyThe,96,2,8,64,22,0,0,1,1,65,1,8
SailorsBonnetreelThe,132,33,6,64,29,0,0,8,4,65,8,6
FatherKellysReel,118,20,7,64,27,0,0,7,4,65,5,7
BridalPolkaThe,139,41,8,59,31,0,0,10,4,60,16,12
DillonsReel,171,75,3,63,30,0,0,13,3,64,19,3
SettingoftheSunreelThe,164,64,4,65,31,0,0,13,4,66,19,5
OldJohns,139,36,8,63,32,0,0,12,4,64,12,9
PipeontheHobThe,230,15,17,150,48,0,0,7,4,151,7,19
LimerickHuntThe,129,27,9,64,29,0,0,10,4,65,8,9
MaidOfMitchelstownreelThe,90,40,2,31,17,0,0,10,3,32,10,2
YellowWattleThe,168,30,6,96,36,0,0,6,4,97,13,6
ConcertinaReelThe,133,49,6,47,31,0,0,7,5,48,16,7
RussiansAreComingreelThe,138,46,2,64,26,0,0,9,5,65,14,2
DennisCroninsJig,122,33,2,64,23,0,0,10,4,65,12,2
TriptoDurrowreelThe,182,72,8,63,39,0,0,13,3,64,21,8
BellesofStLouisreel,216,86,15,61,54,0,0,14,4,62,26,20
UnfortunateRakeThe,265,64,10,128,63,0,0,14,4,129,24,14
NewPostOfficereelThe,147,63,3,47,34,0,0,11,3,48,20,3
PrayerIsBetterThanaTuneA,103,10,5,64,24,0,0,4,2,65,6,7
RisingSunbreelThe,116,57,4,30,25,0,0,8,4,31,18,4
TomBillys,353,51,11,228,63,0,0,13,4,229,19,21
ShoemakersFancyThe,261,49,8,150,54,0,0,15,3,151,20,12
BiddytheDarlingslide,116,16,7,64,29,0,0,7,3,65,8,10
CurraghRacesreelThe,109,15,5,64,25,0,0,5,3,65,5,5
KisstheBrideinBedreel,127,31,6,64,26,0,0,9,2,65,10,6
DancingMastersReelpolkaThe,68,19,3,31,15,0,0,6,4,32,6,4
LandsofScotlandThe,95,24,4,47,20,0,0,8,3,48,9,5
MissRamseyreel,206,90,7,64,45,0,0,15,4,65,25,8
MulloysReel,62,6,5,32,19,0,0,2,2,33,2,5
JollySevenreel,105,42,4,32,27,0,0,9,2,33,12,4
DevaneysGoatreel,187,71,8,63,45,0,0,10,3,64,24,12
OldSlipperShoereelThe,143,54,2,63,24,0,0,14,5,64,13,2
MyWifesMyOwn,94,23,2,47,22,0,0,10,2,48,9,3
BrosnaSlide,111,12,7,57,35,0,0,5,3,58,6,7
BathMedleyThe,126,11,12,63,40,0,0,5,2,64,5,12
TriptoYorkshireThe,151,43,3,71,34,0,0,11,5,72,15,5
AngryPeelerThe,103,11,5,64,23,0,0,5,3,65,6,5
HarbourstownHousereel,134,70,4,31,29,0,0,12,4,32,20,4
MissLaceyshornpipe,140,46,4,64,26,0,0,9,3,65,15,6
RedhairedMolly,83,9,6,48,20,0,0,4,3,49,5,6
ThrushintheBushThe,128,35,5,64,24,0,0,11,2,65,12,6
EweReelThe,171,77,2,63,29,0,0,13,3,64,20,2
MaudMillarreel,106,47,3,32,24,0,0,9,5,33,15,3
GarryCastle,111,33,6,47,25,0,0,11,3,48,12,7
JohnFlynnsJig,116,19,6,63,28,0,0,5,2,64,7,9
FaithThenIWillSaidtheFiddler,95,23,5,47,20,0,0,9,2,48,7,6
GoldRingonYou,241,48,9,128,56,0,0,12,3,129,19,14
BrownChestThe,159,61,5,64,29,0,0,11,3,65,18,5
BiddyMartinpolka,67,18,3,31,15,0,0,6,3,32,7,3
SpeedthePloughreel,150,56,4,63,27,0,0,11,4,64,15,5
ThomasHornpipe,134,43,3,64,24,0,0,11,3,65,13,3
MoloneysFlutereel,92,29,7,32,24,0,0,8,3,33,8,7
LeitrimFancyThe,129,34,5,63,27,0,0,8,2,64,13,5
JertheRiggerpolka,138,45,4,63,26,0,0,8,4,64,17,5
PeterStreetreel,148,48,7,63,30,0,0,11,3,64,14,9
BoyintheTreereelThe,165,63,5,64,33,0,0,12,3,65,19,5
NellieMahoneysSlide,130,29,7,64,30,0,0,9,3,65,12,8
PadraigsHopereel,129,68,2,32,27,0,0,12,6,33,19,3
MollyFromLongford,120,13,10,63,34,0,0,7,3,64,5,12
ThrushintheStormreelThe,149,58,3,63,25,0,0,12,2,64,16,3
WhiteLeafreelThe,145,51,3,64,27,0,0,9,4,65,16,4
LassintheParlourThe,98,22,5,48,23,0,0,7,4,49,8,6
CarmelMahoneyMulhairereel,409,200,10,127,72,0,0,24,6,128,55,10
CabinHunterreelThe,103,41,8,32,22,0,0,10,4,33,11,6
WheelsoftheWorldreelThe,172,68,6,63,35,0,0,18,3,64,19,5
BoyintheBoatreelThe,155,74,2,48,31,0,0,16,4,49,21,2
MountainLarkreelThe,108,48,4,32,24,0,0,12,4,33,13,4
HappytoMeet,111,13,8,64,26,0,0,5,3,65,6,8
INeerShallWeanHer,120,15,12,64,29,0,0,8,2,65,7,12
ChristmasNight,131,28,10,60,33,0,0,10,4,61,13,11
BigJohnsReel,155,62,2,64,27,0,0,13,5,65,17,3
WomanoftheHousereelThe,141,50,3,63,25,0,0,10,4,64,13,3
IrishFrolicThe,170,31,2,111,26,0,0,12,3,112,9,2
MemoriesofKeshreel,115,54,5,33,23,0,0,12,6,34,14,5
DucksDieonChristmasDay,119,24,6,63,26,0,0,8,3,64,9,9
IfIHadaWife,165,19,10,97,39,0,0,9,3,98,9,13
MistressoftheHousereelThe,89,21,7,31,30,0,0,9,3,32,7,7
TrueDaughterofSligoreelA,120,40,0,63,17,0,0,10,5,64,9,0
TrimtheVelvetreel,161,41,8,64,48,0,0,11,4,65,12,9
OShaughnessysReel,122,50,14,31,27,0,0,14,5,32,12,11
CarlowTinkerreelThe,205,39,4,127,35,0,0,13,2,128,10,4
Reillysreel,80,12,11,32,25,0,0,6,2,33,3,11
SplendidHornpipeThe,139,48,4,64,23,0,0,12,3,65,14,5
DunmoreLassesreelThe,110,47,6,31,26,0,0,11,3,32,12,4
OldBrownSlipperThe,106,26,7,47,26,0,0,8,3,48,11,8
MalloysFavoritereel,200,54,11,97,38,0,0,12,5,98,15,9
GlountaneReelThe,122,59,8,31,24,0,0,12,4,32,17,5
TomWardsDownfallreel,187,84,5,63,35,0,0,14,3,64,24,6
SistersReturn,194,48,7,96,43,0,0,10,3,97,20,9
Murphyshornpipe,292,92,10,128,62,0,0,13,6,129,30,10
BuckintheWoodThe,94,8,8,48,30,0,0,3,3,49,4,8
MusicalMulvihillsreelThe,121,17,10,64,30,0,0,6,3,65,6,11
DimmersreelThe,103,50,1,32,20,0,0,11,5,33,13,1
LastNightsFun,81,7,5,48,21,0,0,3,2,49,4,7
MungoKellyreel,84,25,5,32,22,0,0,8,2,33,7,6
HuntersPrizepolkaThe,145,40,11,64,30,0,0,12,4,65,15,12
PorterorButtermilkhornpipe,141,48,2,64,27,0,0,11,5,65,14,2
BoyintheGapreel,169,74,1,64,30,0,0,13,4,65,20,1
JackWadethePiperreel,105,53,2,32,18,0,0,11,6,33,14,2
RipplesontheRiverhornpipe,136,37,8,64,27,0,0,8,3,65,11,9
MissJennyspolka,114,17,7,63,27,0,0,7,4,64,5,7
RustyBoatreelThe,94,40,5,31,18,0,0,10,2,32,10,4
TonyLowespolka,126,30,7,64,25,0,0,9,4,65,11,11
DollytheGypsybarndance,133,37,4,64,28,0,0,9,6,65,13,4
BoysOfTheLoughreelThe,169,52,11,64,42,0,0,11,4,65,13,10
SweeneysDreamreel,112,53,4,31,24,0,0,12,3,32,14,4
PaddyMcFaddens,111,21,4,64,22,0,0,8,4,65,8,5
Fitzgeraldshornpipe,144,56,3,64,21,0,0,12,6,65,14,3
BallinaLassreelThe,110,51,4,32,23,0,0,10,5,33,14,4
DairymaidreelThe,135,62,10,32,31,0,0,12,4,33,18,9
HumorsofLissadellreelThe,221,115,3,62,41,0,0,15,5,63,31,3
CallaghanfromClare,152,37,14,60,41,0,0,12,4,61,18,16
BoatontheStrandThe,127,31,5,63,28,0,0,8,3,64,12,6
FowneysFancypolka,107,10,10,64,23,0,0,5,3,65,3,10
TomBillysPolka,118,22,9,63,24,0,0,8,4,64,8,11
StoneChurchPolkaThe,125,21,11,64,29,0,0,8,3,65,9,12
JuliaCliffordspolka,121,21,9,64,27,0,0,8,5,65,7,11
CartysReel,115,19,7,64,25,0,0,5,3,65,6,7
TommyCoensJig,126,20,9,64,33,0,0,8,4,65,8,10
GreenFieldsofGlentownreelThe,248,97,9,94,48,0,0,14,4,95,30,10
JennyDangtheWeaverreel,121,26,7,50,38,0,0,8,5,51,8,7
RamblingConnachtmanreelThe,111,48,5,32,26,0,0,10,3,33,15,7
BanksofNewfoundlandThe,139,42,5,64,28,0,0,9,4,65,16,6
HowstheWifehornpipe,164,63,6,64,31,0,0,13,4,65,20,6
OldTipperaryJigThe,122,11,13,64,34,0,0,5,3,65,3,16
GeorgeWhitesFavoritereel,153,49,9,64,31,0,0,10,3,65,15,8
TameensReel,122,58,8,30,26,0,0,12,4,31,16,7
RathmoreFarmerThe,131,29,10,64,28,0,0,10,4,65,11,13
JennyPickingCocklesreel,164,62,7,63,32,0,0,12,4,64,18,6
JauntingCarforSix,86,16,5,47,18,0,0,6,3,48,6,6
YellowKidpolkaThe,115,17,6,62,30,0,0,6,4,63,7,8
FairMissMcGunnessreel,104,49,2,31,22,0,0,11,2,32,14,2
CupofTeareelThe,175,85,0,63,27,0,0,13,3,64,21,0
LittleRedRockreelThe,155,59,5,63,28,0,0,11,3,64,17,5
NightingaleThe,127,21,13,64,29,0,0,9,4,65,7,13
LadsofLaoisreelThe,145,76,8,32,29,0,0,14,7,33,19,8
KisstheMaidBehindtheBarrelreel,311,112,18,96,85,0,0,13,10,97,35,18
TirnaskeaLassesreelThe,94,42,2,31,19,0,0,13,2,32,10,2
RoadtoClonmelreelThe,116,57,4,32,23,0,0,12,5,33,14,4
NewpuckReelThe,107,54,2,31,20,0,0,12,5,32,13,2
AnnamaculeenReel,103,38,8,31,26,0,0,7,3,32,13,8
GregorysHornpipe,146,50,5,64,27,0,0,10,5,65,14,6
FunattheFair,123,16,8,63,36,0,0,7,4,64,8,14
SwallowsTailreelThe,167,68,4,64,31,0,0,11,5,65,18,4
PirateShipreelThe,106,46,7,31,22,0,0,10,3,32,12,6
GustysFrolics,375,71,12,223,69,0,0,18,3,224,26,16
PatKelleghers,100,28,4,47,21,0,0,9,3,48,9,4
LarkintheMorningThe,232,34,10,128,60,0,0,8,3,129,12,16
LurganHornpipeThe,155,54,6,64,31,0,0,12,5,65,16,10
PaddyOBriensReel,163,59,5,65,34,0,0,17,6,66,15,5
MauraConnollysreel,131,30,7,64,30,0,0,12,4,65,7,8
BillyMcCormicks,228,31,10,149,38,0,0,11,2,150,11,11
KittyintheLanereel,276,92,6,126,52,0,0,15,8,127,25,7
CornerHousereelThe,161,64,4,64,29,0,0,12,3,65,19,5
MurneenPolkaThe,115,19,8,63,25,0,0,6,4,64,7,9
WhiteCockadepolkaThe,155,44,8,63,40,0,0,10,5,64,18,8
SoreFootreelThe,102,44,4,32,22,0,0,8,3,33,13,5
SpikeIslandLassesreelThe,298,89,12,129,68,0,0,17,4,130,28,14
GowelReelThe,134,59,2,47,26,0,0,13,3,48,18,2
EndoftheSetThe,103,9,6,64,24,0,0,4,3,65,4,6
PivotHornpipeThe,152,55,5,64,28,0,0,14,4,65,18,6
TomConnorshornpipe,151,56,4,64,27,0,0,12,3,65,17,4
GreenTeaReelThe,73,15,5,32,21,0,0,4,3,33,6,5
UpstairswithYouslide,111,20,4,63,24,0,0,8,3,64,9,7
NorthernSlopereelThe,199,80,7,64,48,0,0,10,6,65,26,6
JuneinDublinreel,110,55,2,31,22,0,0,12,4,32,14,2
ConCurtinsBigBalloon,122,10,11,64,37,0,0,4,3,65,5,11
WaterfordGirlsThe,96,25,4,47,20,0,0,9,3,48,9,5
KillinureReelThe,130,26,8,63,33,0,0,7,5,64,9,8
CastleKellyreel,136,48,3,63,22,0,0,13,4,64,12,3
TureengarbhGlenpolka,192,33,13,101,45,0,0,10,6,102,14,18
LadyDollSinclairreel,85,23,6,32,24,0,0,5,4,33,8,6
BeautySpotreelThe,166,62,4,65,35,0,0,16,3,66,17,4
ReelofDarraghThe,123,15,7,65,36,0,0,6,3,66,4,7
GilbertClancysreel,119,58,2,31,28,0,0,12,4,32,17,2
SportingNellreel,149,52,3,65,29,0,0,11,4,66,14,4
PromenadeSideStepThe,100,24,6,47,23,0,0,11,3,48,8,8
AndersonsReel,91,30,7,32,22,0,0,8,3,33,9,7
MissLangfordreel,116,59,4,31,22,0,0,12,3,32,16,4
DukeofLeinsterHornpipeThe,126,39,2,64,21,0,0,13,3,65,11,2
BankofTurfhornpipe,244,96,5,96,47,0,0,13,6,97,29,6
BerriesontheBushpolka,65,4,7,32,22,0,0,2,2,33,2,9
LordGordonreel,165,62,6,66,31,0,0,12,6,67,18,6
FredFinnsreel,167,69,4,63,31,0,0,12,4,64,21,4
WellingtonsReel,159,62,5,63,29,0,0,12,5,64,16,6
GreenGrovesofErinreelThe,193,83,7,63,40,0,0,13,4,64,23,6
RyansRantreel,65,18,1,31,15,0,0,8,1,32,3,1
EightandFortySistersreelThe,104,34,5,47,18,0,0,9,2,48,10,5
ByrnesHornpipe,139,48,4,64,23,0,0,11,3,65,14,4
LimerickJigThe,126,24,8,63,31,0,0,8,3,64,9,11
TenpennyBit,110,8,10,64,28,0,0,4,3,65,3,12
TomsMyOtherSonpolka,111,19,6,63,23,0,0,9,3,64,6,8
Hawkeshornpipe,167,61,8,64,34,0,0,12,3,65,19,8
LordWilsonsHornpipe,164,65,5,64,30,0,0,10,4,65,20,6
TommyCowleys,104,10,7,64,23,0,0,4,3,65,6,7
FanningsJig,121,7,11,63,40,0,0,3,2,64,4,11
BatintheBelfryThe,121,18,8,64,31,0,0,6,3,65,7,10
MovingBogsreel,165,67,5,63,30,0,0,14,2,64,19,5
SilverGrovehornpipeThe,227,71,9,97,50,0,0,13,7,98,26,9
CornhillReelThe,160,64,8,47,41,0,0,11,4,48,20,7
ChainthePony,116,14,10,61,31,0,0,7,3,62,6,11
MaidoftheGlenreelThe,96,45,1,31,19,0,0,12,2,32,12,1
TailorsThimblereelThe,130,38,5,63,24,0,0,10,4,64,9,4
CarthysReel,229,54,11,127,37,0,0,13,4,128,13,9
WinkHerAside,103,9,6,64,24,0,0,4,3,65,5,6
LawsonsHornpipe,187,82,6,63,36,0,0,11,5,64,27,5
RollHerintheHaystackreel,194,78,11,63,42,0,0,13,5,64,23,13
PrideofCloontiareelThe,137,46,3,64,24,0,0,10,3,65,14,3
LadyontheIslandreelThe,77,18,5,33,21,0,0,7,4,34,6,5
BrandyWithBreakfastreel,98,42,4,31,21,0,0,10,2,32,11,4
DaisyFieldsreelThe,107,52,3,31,21,0,0,14,6,32,11,4
MissMcLeodsPolka,187,40,11,95,41,0,0,13,3,96,13,14
ChatteringMagpiereelThe,106,47,4,33,22,0,0,13,5,34,13,5
OMahonysHornpipe,145,48,5,64,28,0,0,9,5,65,15,5
SolusLillisReel,85,35,1,31,18,0,0,8,2,32,10,1
CrossesofAnnaghreel,309,113,7,125,64,0,0,15,4,126,39,9
WhinnyHillsofLeitrimThe,104,31,5,47,21,0,0,11,3,48,10,6
SillyOldManThe,83,10,4,48,21,0,0,4,2,49,6,4
DanOKeeffesSlide,112,25,8,48,31,0,0,8,3,49,12,13
ElizabethKellysDelightsj,81,10,5,47,19,0,0,4,3,48,3,5
BasketofTurfThe,161,9,11,95,46,0,0,3,3,96,4,12
MauriceManleyspolka,126,19,12,63,32,0,0,7,4,64,7,16
HawthornBlossomreelThe,110,48,7,31,24,0,0,11,5,32,13,7
GreenGownedLassreel,110,44,9,31,26,0,0,11,4,32,12,7
RattlethePeas,111,15,7,63,26,0,0,6,3,64,5,9
CongressreelThe,148,54,2,64,28,0,0,11,4,65,17,2
LovelyLassieWinkingreel,90,34,4,32,20,0,0,9,3,33,10,3
DoonReel,94,31,7,32,24,0,0,9,4,33,8,9
MoigCrossSlideThe,126,13,14,64,35,0,0,7,2,65,5,25
OConnellsWelcometoParliament,98,8,7,64,19,0,0,3,3,65,4,7
MonsignorsBlessingreel,111,52,4,32,23,0,0,11,4,33,14,4
TuneoftheRagreelThe,170,57,8,63,42,0,0,9,2,64,21,11
SheepontheMountainsThe,236,40,12,144,40,0,0,14,4,145,14,14
BackGardenpolkaThe,139,30,12,64,33,0,0,10,5,65,14,15
MastersSportingPaddyreelThe,90,31,6,32,21,0,0,8,3,33,10,6
WesttheHillhornpipe,160,61,8,64,27,0,0,12,5,65,16,7
WrenHornpipeThe,146,49,4,64,29,0,0,11,4,65,13,4
TigerHornpipeThe,124,68,3,32,21,0,0,15,3,33,16,3
UptoYourKneesinSandreel,112,13,6,64,29,0,0,6,3,65,5,6
EastPartofKerrypolkaThe,121,30,6,63,22,0,0,9,3,64,9,6
Flahertyshornpipe,155,54,7,64,30,0,0,12,3,65,15,6
PomeroyFiddlerreelThe,124,69,1,31,23,0,0,14,5,32,17,1
DashtoPortobelloreel,166,67,5,64,30,0,0,15,6,65,17,6
HumorsofKeshThe,136,35,6,64,31,0,0,9,4,65,13,7
RyansFlutereel,70,14,4,33,19,0,0,5,4,34,5,4
DanieloftheSun,143,33,9,64,37,0,0,9,4,65,12,10
ConnellsContributionreel,87,37,2,31,17,0,0,11,2,32,9,2
HaresFootreelThe,113,53,5,32,23,0,0,10,5,33,15,5
BedfordCross,102,17,3,63,19,0,0,6,3,64,7,4
GeeseintheBogThe,110,14,6,64,26,0,0,7,2,65,7,6
ShipDoctorThe,96,24,4,47,21,0,0,8,2,48,9,5
JohnPottsReel,152,54,5,64,29,0,0,10,2,65,18,5
SeanRyansDooneyRock,117,9,12,64,32,0,0,5,3,65,4,13
BillHartes,240,31,7,152,50,0,0,10,4,153,12,7
EveninginClarereelAn,80,19,5,32,24,0,0,7,3,33,6,6
MidwesternReelThe,164,65,6,63,30,0,0,15,4,64,16,6
TabbyCatpolkaThe,104,11,7,64,22,0,0,5,4,65,4,8
BlackhairedLassreelThe,227,49,8,128,42,0,0,11,3,129,15,8
BresnahansFrolics,121,29,2,63,27,0,0,9,2,64,10,3
FarewelltotheHeatherreel,112,7,12,64,29,0,0,3,2,65,4,12
WestWindreelThe,166,80,0,47,39,0,0,14,6,48,24,0
MissMcDonaldreel,114,52,8,31,23,0,0,10,3,32,13,7
TasteofScotlandreelA,103,53,0,31,19,0,0,13,2,32,14,0
LomanachCrossreel,118,51,9,32,26,0,0,13,3,33,12,9
OvertheMoortoPeggyreel,97,45,0,32,20,0,0,9,2,33,14,0
StoneintheFieldreelThe,130,27,10,64,29,0,0,10,6,65,6,10
BigBarneysJig,105,8,7,64,26,0,0,4,2,65,4,9
PaddysChoicereel,174,63,7,70,34,0,0,15,7,71,18,7
ComingHomefromtheBogreel,114,53,5,31,25,0,0,9,4,32,16,6
SlowTraintoDublinreelThe,91,42,2,31,16,0,0,12,2,32,10,2
PatsyTuoheysreel,106,47,5,32,22,0,0,13,3,33,12,5
BeesintheCherryTree,115,13,11,64,27,0,0,5,3,65,7,13
HagsPurseThe,216,15,12,150,39,0,0,7,3,151,7,13
FarewelltoErinreel,139,51,2,64,22,0,0,12,4,65,15,2
LucyCampbellreel,181,67,6,64,44,0,0,11,5,65,17,6
JimKeeffesPolka,109,11,8,64,26,0,0,5,3,65,3,9
DublinLassesreelThe,101,43,5,32,21,0,0,12,5,33,11,5
SunnyBanksreelThe,172,75,2,64,31,0,0,12,5,65,24,2
ClareReelThe,93,40,4,31,18,0,0,13,3,32,10,6
GooseberryBushreelThe,368,91,17,190,70,0,0,11,4,191,31,22
HumorsofCarrigaholtreel,116,56,5,31,24,0,0,12,4,32,17,3
PriestinHisBootsThe,130,37,5,63,25,0,0,8,5,64,13,5
BoysofKilsarnereelThe,119,28,8,49,34,0,0,9,5,50,8,8
BakersReelThe,118,21,7,64,26,0,0,7,4,65,8,7
NinePointsofRogueryreel,170,25,11,96,38,0,0,7,3,97,6,11
AnthonyFrawleysJig,132,33,6,64,29,0,0,9,3,65,13,7
TopItOff,133,25,8,72,28,0,0,9,3,73,11,8
BoltonStreetreel,176,49,3,95,29,0,0,13,2,96,12,3
GreigsPipesreel,234,83,13,79,59,0,0,13,3,80,27,11
MissCoxreel,129,18,7,63,41,0,0,6,4,64,5,7
HorseshoeThe,111,12,8,63,28,0,0,4,2,64,4,11
ConnachtHeifersreelThe,103,51,0,31,21,0,0,12,6,32,13,0
GanderatthePratieHoleThe,234,45,5,149,35,0,0,15,4,150,16,5
HardRoadThe,104,10,5,65,24,0,0,4,2,66,5,5
JohnFennellsJig,98,7,6,64,21,0,0,3,2,65,4,7
DayAftertheFairThe,127,31,5,63,28,0,0,11,3,64,10,7
RailroadreelThe,115,51,4,34,26,0,0,11,4,35,15,4
OldHagBewareslide,118,26,6,63,23,0,0,9,3,64,10,7
MyLoveisSuchaFairOnereel,82,23,6,32,21,0,0,9,1,33,5,7
DustyMiller,124,20,7,71,26,0,0,8,3,72,7,11
TimeWellSpenthornpipe,93,33,6,32,22,0,0,8,6,33,8,6
SportingDaysofEasterreelThe,162,55,9,66,32,0,0,17,4,67,13,6
MissGeraldinesJig,103,8,7,64,24,0,0,3,3,65,4,7
GreenPigeonreelThe,155,52,2,70,31,0,0,13,3,71,14,2
TanseysFavoritereel,124,65,3,31,25,0,0,11,6,32,18,3
LucyMcKennas,118,24,5,64,25,0,0,7,3,65,10,5
ButchersJigThe,131,36,4,63,28,0,0,8,3,64,14,4
NewbornLambpolkaThe,128,26,10,64,28,0,0,9,5,65,11,10
RepealoftheUnionreelThe,109,51,3,31,24,0,0,12,4,32,14,3
MastersFlaxinBloomreelThe,200,65,6,95,34,0,0,12,3,96,16,6
NellieIsMyLove,105,14,6,64,21,0,0,7,3,65,6,7
NewPolicemanreelThe,122,64,3,31,24,0,0,11,6,32,20,3
ClonmelFiddlerpolkaThe,75,24,2,31,18,0,0,7,4,32,8,2
MullingarRacesreelThe,163,66,5,62,30,0,0,13,6,63,17,5
HagwithHerKegonherShoulderThe,216,13,13,149,41,0,0,5,3,150,5,13
HighPartoftheRoadThe,146,40,11,63,32,0,0,13,4,64,12,13
MyLoveintheMorning,109,8,11,64,26,0,0,4,3,65,3,12
ScattertheMud,104,10,7,64,23,0,0,5,3,65,4,7
OLearysDaughterslide,108,8,7,64,29,0,0,4,3,65,3,11
LittleWhiteCoatThe,105,7,7,64,27,0,0,3,2,65,4,7
CollegiansofGlasgowreelThe,62,4,6,32,20,0,0,2,2,33,2,6
BirdintheTreereelThe,127,59,7,32,29,0,0,12,3,33,17,7
GameofLovereelThe,114,51,6,32,25,0,0,13,3,33,14,6
BrownBreadandCheesepolka,117,17,11,63,26,0,0,7,4,64,6,11
DowntheBanksWithMaryreel,110,54,2,32,22,0,0,12,5,33,16,2
MindtheStep,121,25,6,64,26,0,0,8,4,65,9,8
FarewelltoConnachtreel,234,69,1,127,37,0,0,15,4,128,20,1
LarrysPolka,117,13,10,64,30,0,0,5,4,65,5,14
SwordinHandreelThe,84,33,3,32,16,0,0,10,3,33,8,3
GimletGimbletThe,95,21,5,47,22,0,0,7,4,48,7,7
GormansReel,101,46,2,32,21,0,0,11,3,33,14,2
PaytheReckoning,128,31,6,63,28,0,0,10,2,64,11,8
GoneforHisTeareel,130,70,3,30,27,0,0,9,3,31,21,3
RockyRoadtoDublinThe,284,39,12,170,63,0,0,14,3,171,16,14
WavesofClewBayreelThe,118,65,0,31,22,0,0,13,7,32,18,0
MamasPetreel,100,48,2,31,19,0,0,11,3,32,13,2
ListowelFiddlerslideThe,108,10,9,64,25,0,0,5,3,65,4,10
BoiltheKettleEarlyreel,126,67,4,31,24,0,0,13,4,32,19,4
TraversReel,137,77,1,32,27,0,0,13,7,33,22,1
MunsterSlipThe,144,56,7,47,34,0,0,13,3,48,20,11
MichosTentreel,137,55,6,47,29,0,0,11,3,48,17,8
BallinasloeFairreel,153,67,5,47,34,0,0,13,7,48,18,6
ItsanIllWind,70,9,8,32,21,0,0,4,2,33,5,8
TaylorsFancyslide,117,20,6,63,28,0,0,8,3,64,7,11
MaulykevaneJigThe,119,12,7,63,37,0,0,6,3,64,5,8
BucksofDublinThe,109,11,8,64,26,0,0,6,2,65,5,9
DrimcongJigThe,123,30,4,63,26,0,0,9,3,64,11,5
CallaghansProgress,137,30,9,63,35,0,0,9,4,64,9,13
MaggieShanleysSlide,99,12,3,63,21,0,0,5,3,64,4,3
SpringFieldJigThe,99,7,7,64,21,0,0,3,2,65,4,7
JohnJoeGannonshornpipe,170,73,4,64,29,0,0,12,3,65,20,4
PaddyfromClarereel,113,49,7,31,26,0,0,11,3,32,11,8
DukesRetreathornpipeThe,112,44,7,32,29,0,0,11,3,33,16,9
MurphyfromWexford,108,12,7,64,25,0,0,5,3,65,6,8
OvertheHillsandFarAwaypolka,111,13,10,63,25,0,0,5,3,64,5,15
SparetheRodreel,92,30,5,32,25,0,0,8,3,33,10,5
ScotchHuntreelThe,117,59,3,31,24,0,0,11,5,32,16,3
SkyOverFenitreelThe,125,36,2,63,24,0,0,9,3,64,10,2
MartinAnsborosreel,96,40,4,31,21,0,0,8,5,32,11,3
LordWellingtonreel,123,67,0,31,25,0,0,13,5,32,18,0
OCallaghansreel,179,76,3,63,37,0,0,13,5,64,23,3
RowsomesKerryJig,129,19,13,61,36,0,0,8,3,62,7,17
JacksonsRambles,108,9,7,64,28,0,0,4,2,65,5,7
GirlsoftheCountyMayoreelThe,80,27,5,31,17,0,0,8,2,32,7,5
PubattheCrossroadshornpipeThe,162,60,6,64,32,0,0,12,3,65,19,8
MyLoveisinAmericareel,149,55,4,63,27,0,0,13,3,64,13,4
KillaloeBoatThe,110,9,8,64,29,0,0,4,3,65,5,8
YourMothersFairPetreel,102,43,5,31,23,0,0,12,3,32,11,4
PaddyByrnesQuickStep,92,22,4,47,19,0,0,8,3,48,7,7
PerfectCureThe,118,18,10,64,26,0,0,9,3,65,8,11
OFlynnsFancyreel,105,46,4,31,24,0,0,10,3,32,14,4
DayIMetTomMoylanreelThe,162,58,8,63,33,0,0,11,3,64,16,9
KerrymansCloghornpipeThe,173,71,7,64,31,0,0,12,7,65,19,7
LovelyAnnereel,78,16,5,33,24,0,0,7,4,34,5,5
SlideJohnBThe,109,15,7,64,23,0,0,7,3,65,7,7
OSheastheManreel,135,31,11,64,29,0,0,10,4,65,10,11
LadiesStepUptoTea,104,26,6,47,25,0,0,11,2,48,9,8
TomConnorsJig,132,33,7,63,29,0,0,10,4,64,12,8
TakeHerOutandAirHerreel,156,64,1,64,27,0,0,13,5,65,19,1
ManfromDungannonreelThe,237,67,2,127,41,0,0,14,5,128,20,2
MovinginDecencyreel,158,56,6,64,32,0,0,10,5,65,17,8
MaryEllenshornpipe,173,72,4,64,33,0,0,13,5,65,23,6
SchottischePolkaThe,171,43,10,80,38,0,0,14,3,81,16,12
ReelofMullinavatreelThe,213,80,12,64,57,0,0,14,4,65,24,13
DooaghPolkaThe,103,12,7,64,20,0,0,6,4,65,4,8
GeorgeRawleyshpipe,140,38,6,64,32,0,0,9,4,65,14,6
PrimroseGirlreelThe,114,49,9,31,25,0,0,9,3,32,12,8
MrsGalvinsFancyhpipe,157,54,7,64,32,0,0,12,5,65,15,8
SoldiersJoyThe,123,7,11,63,42,0,0,3,2,64,3,11
OldConcertinareelThe,100,47,2,31,20,0,0,10,4,32,13,2
JacktheDeckhandreel,133,66,6,31,30,0,0,10,3,32,21,6
GatehouseMaidreelThe,130,66,4,31,29,0,0,12,3,32,18,4
MissButlersreel,109,54,2,32,21,0,0,11,6,33,13,2
JackieFitzpatricksreel,192,92,4,61,35,0,0,15,4,62,27,4
RakishPaddyreel,281,83,12,127,59,0,0,13,4,128,24,11
HawthornJigThe,139,46,8,46,39,0,0,11,3,47,20,10
JohnnyLovesMolly,103,33,2,47,21,0,0,10,4,48,11,2
UpDowntheStairs,112,15,8,63,26,0,0,6,3,64,6,10
AnotherRoundofPunch,109,10,8,64,27,0,0,4,3,65,5,8
NewMissMcLeodreelThe,97,39,6,31,21,0,0,10,3,32,10,4
NonieStackingTurfpolka,123,22,8,63,30,0,0,8,4,64,10,10
AtlanticWavereelThe,158,62,4,64,28,0,0,13,3,65,18,4
RollickingSkipperThe,100,8,5,64,23,0,0,3,3,65,4,5
CrehansFiddle,150,11,10,96,33,0,0,5,2,97,5,10
DustyMillerThe,87,12,4,47,24,0,0,5,3,48,5,6
GillansApples,152,41,9,64,38,0,0,9,4,65,17,9
UnionReel,146,55,6,47,38,0,0,8,5,48,19,7
BucksofOranmorereelThe,214,85,14,64,51,0,0,13,4,65,22,8
NoonLassesreelThe,109,7,9,64,29,0,0,3,2,65,2,9
KillavalFancyreelThe,148,56,4,63,25,0,0,12,3,64,15,4
MaryMcMahonreel,153,51,7,64,31,0,0,12,3,65,16,8
CaptainfromCavanpolkaThe,126,29,5,64,28,0,0,9,5,65,11,6
TopoftheMorningreel,110,52,4,31,23,0,0,12,4,32,16,4
BallykealJig,138,41,4,63,30,0,0,11,4,64,13,5
TatterJackWalsh,216,10,14,149,43,0,0,4,3,150,5,14
PrideofAhamorereelThe,150,48,5,65,32,0,0,14,3,66,12,5
YoullComeHomewithMe,219,46,14,95,64,0,0,12,5,96,16,23
DrummondLassesreelThe,71,11,7,32,21,0,0,5,2,33,3,7
OneofTommyshornpipe,179,76,7,64,32,0,0,14,9,65,21,7
BarmaidreelThe,167,59,10,64,34,0,0,13,5,65,16,12
WalshsHornpipe,128,33,8,64,23,0,0,9,3,65,8,7
DenisEnrightsSlide,113,16,8,63,26,0,0,8,3,64,5,9
JimmyWardsJig,122,10,8,64,40,0,0,5,3,65,4,8
HumorsofEderneyreelThe,155,60,4,64,27,0,0,15,3,65,16,5
CavanReelThe,155,60,5,63,27,0,0,12,5,64,17,5
LongfordCollectorreelThe,143,52,2,63,26,0,0,11,5,64,12,3
PrettyWelshMaidreelThe,98,37,6,32,23,0,0,9,2,33,11,6
BoysontheHilltopreel,136,79,0,31,26,0,0,11,6,32,22,0
BlacksmithReillysReelThe,114,59,1,32,22,0,0,12,5,33,17,1
LightingtheLampsreel,78,16,8,33,21,0,0,6,4,34,4,8
GullaneJigThe,107,9,6,64,28,0,0,2,3,65,4,6
WexfordReelThe,129,66,4,31,28,0,0,13,2,32,19,4
KillarneyBoysofPleasurereel,155,58,3,64,30,0,0,11,4,65,16,3
HighRoadtoLintonreel,100,48,2,31,19,0,0,8,4,32,14,2
ElmGroveThe,110,10,8,64,28,0,0,5,3,65,4,10
ToormoreJigThe,146,47,2,62,35,0,0,8,2,63,21,2
AshmoleanHousereel,164,68,6,63,27,0,0,14,5,64,17,5
BonnyAnnereel,153,52,7,64,30,0,0,12,3,65,13,7
LisheenReelThe,72,20,2,32,18,0,0,6,2,33,6,2
McGoldricksReel,147,55,2,63,27,0,0,11,3,64,14,2
CastlemahonLassesreelThe,144,52,2,64,26,0,0,12,3,65,15,2
BrightMayMoonreelThe,118,27,6,49,36,0,0,10,3,50,9,8
CuckoosNesthornpipe,197,51,9,96,41,0,0,11,5,97,14,12
TomHillshornpipe,239,127,6,63,43,0,0,14,5,64,34,6
MunsterShanachieThe,108,20,4,63,21,0,0,6,2,64,7,4
UpperRoomreelThe,116,60,1,31,24,0,0,13,3,32,16,2
LassAmongthePrimrosesreelThe,109,53,4,31,21,0,0,13,3,32,15,3
GannonsDozen,126,21,9,63,33,0,0,9,3,64,9,13
HighJigThe,143,42,5,64,32,0,0,9,3,65,18,6
EastOfGalway,107,11,6,64,26,0,0,6,2,65,4,6
FatherAhearnsreel,148,54,3,64,27,0,0,12,4,65,16,3
RakesofDrumlishThe,82,5,5,48,24,0,0,2,2,49,2,5
PrimroseGlenThe,143,42,6,64,31,0,0,11,4,65,17,8
JimmyGiblinsReel,104,37,2,47,18,0,0,10,3,48,10,2
CroninsKitchenpolka,108,14,8,63,23,0,0,5,4,64,5,10
KevinMahonsreel,113,11,10,64,28,0,0,5,3,65,3,10
BogofAllenThe,139,39,7,64,29,0,0,12,4,65,14,9
MyLoveBetweenTwoRosesreel,108,54,3,31,20,0,0,11,3,32,14,3
SilverSlipperReelThe,114,49,5,32,28,0,0,10,5,33,14,5
HagattheChurnThe,231,41,4,149,37,0,0,12,3,150,14,5
TinkersBibreelThe,137,41,5,64,27,0,0,9,5,65,11,7
HerGoldenHairWasCurlingDown,139,48,3,64,24,0,0,8,4,65,16,3
AchreidhJigThe,229,35,6,150,38,0,0,13,4,151,12,8
DowsersFavoritereelThe,146,52,4,64,26,0,0,11,6,65,14,4
TellHerIAm,197,43,10,96,48,0,0,12,5,97,18,15
IHaveaBonnetpolka,93,4,7,64,18,0,0,2,2,65,2,7
IdRatherBeMarriedthanLeft,120,20,6,64,30,0,0,9,2,65,11,8
PulltheKnifeStickItAgain,130,33,7,63,27,0,0,9,6,64,10,7
OCallaghansHornpipe,217,107,4,64,42,0,0,13,5,65,29,5
CrossingtheChannel,100,27,5,47,21,0,0,9,3,48,10,5
IdRatherBeMarriedthanLeftslide,118,19,7,64,28,0,0,8,3,65,9,9
WhentheCockCrowsItisDay,171,18,11,96,46,0,0,9,3,97,8,12
WhyDidntILoveMary,101,19,8,47,27,0,0,6,3,48,8,8
DuffysReel,97,37,5,32,23,0,0,8,6,33,10,5
CominThrotheRye,72,13,6,32,21,0,0,6,3,33,6,7
EleanorKanesreel,148,43,7,64,34,0,0,14,4,65,12,7
MilltownLassesreelThe,99,45,2,31,21,0,0,11,2,32,11,2
MickeyMurphysSlide,141,42,7,60,32,0,0,10,3,61,18,7
BerkshireHeightsreel,177,73,8,63,33,0,0,11,4,64,19,7
ShamrockJigThe,83,14,4,47,18,0,0,5,3,48,5,4
DrunkenGaugersetdanceThe,154,12,8,96,38,0,0,6,3,97,6,10
Lackeysreel,79,30,2,31,16,0,0,8,2,32,8,2
LetsBeDrinking,111,13,7,64,27,0,0,6,3,65,7,9
PrimroseLassreelThe,144,51,4,63,26,0,0,10,3,64,14,3
BlacksmithreelThe,76,29,0,31,16,0,0,6,3,32,7,0
CorneyisComingreel,339,126,15,130,68,0,0,17,5,131,38,14
HisCoworYoursreel,270,92,23,95,60,0,0,13,4,96,29,21
MarysDreamreel,69,13,6,32,18,0,0,4,3,33,6,6
PhilipOBeirnesDelightreel,136,70,4,32,30,0,0,16,6,33,17,4
BoysofThomastownThe,130,33,6,64,27,0,0,10,4,65,12,7
CroninsFavorite,117,10,7,64,36,0,0,4,2,65,6,7
LondonLassesreelThe,148,51,5,63,29,0,0,12,3,64,14,5
HagWiththeMoneyThe,130,32,6,63,29,0,0,10,2,64,11,8
Walshsreel,136,71,5,31,29,0,0,13,3,32,19,6
TimDillonsReel,104,49,2,31,22,0,0,10,2,32,13,2
WheelsoftheWorldThe,117,13,11,63,30,0,0,6,3,64,3,11
BlackbirdhornpipeThe,166,60,9,64,33,0,0,13,5,65,19,9
TomRowsomesSlide,115,11,11,64,29,0,0,5,3,65,5,15
BallinalarkeyMaidsreelThe,123,19,9,64,31,0,0,6,4,65,7,9
MothersDelightreel,108,11,6,64,27,0,0,3,3,65,5,7
FoxhunterReel,214,68,10,80,56,0,0,10,3,81,20,10
MoheravoguereelThe,102,45,3,31,23,0,0,11,3,32,12,4
DucksintheOatsThe,211,10,11,149,41,0,0,4,3,150,5,11
KishkeamLadiesThe,134,31,11,64,28,0,0,11,4,65,12,11
MaidofHolywellreelThe,131,67,5,31,28,0,0,12,4,32,20,5
MistontheRiverhornpipeThe,141,44,5,64,28,0,0,9,5,65,16,6
MusicalPriestreelThe,112,21,9,49,33,0,0,5,5,50,6,9
BoysoftheLakereelThe,163,64,3,64,32,0,0,13,3,65,19,4
CrushingtheTwigsreel,129,30,5,64,30,0,0,8,5,65,8,5
McGovernsFavoritereel,150,76,2,44,28,0,0,12,4,45,21,2
SecondHandCarreelThe,112,39,3,48,22,0,0,12,2,49,12,3
BillHartesReel,113,57,2,32,22,0,0,11,4,33,16,2
GirlwiththeYellowHairThe,156,16,8,96,36,0,0,8,2,97,7,12
NewCustomHousereelThe,236,73,2,128,33,0,0,18,4,129,18,2
JohnnyCopehornpipe,480,168,22,187,103,0,0,13,8,188,57,22
CallaghansSlide,107,14,7,64,22,0,0,7,3,65,6,7
LeitrimReelThe,98,39,5,32,22,0,0,8,4,33,12,5
WalloptheSpot,154,11,10,96,37,0,0,5,2,97,5,10
FinnegansWidowpolka,103,4,10,64,25,0,0,2,2,65,2,12
TommyODeasreel,97,47,1,31,18,0,0,12,2,32,12,1
FollowMeDowntoCarlow,135,22,10,63,40,0,0,10,3,64,8,16
LarkontheStrandThe,120,23,8,63,26,0,0,9,2,64,7,9
HutintheBogreelThe,141,56,4,48,33,0,0,11,5,49,17,4
WondersofMayoThe,123,20,9,63,31,0,0,8,3,64,7,14
MartinsTriptoCree,115,11,10,64,30,0,0,5,3,65,5,14
PaddyORafferty,151,39,7,62,43,0,0,8,2,63,18,8
CeliaOGara,107,11,8,64,24,0,0,5,3,65,5,11
EastClareLassiesreelThe,133,30,9,64,30,0,0,10,7,65,10,9
FreeandEasyreel,135,76,3,29,27,0,0,12,3,30,20,3
ColemansCrossreel,117,51,6,32,28,0,0,13,4,33,14,6
TommyGunnsreel,128,65,4,32,27,0,0,14,4,33,19,4
AhascraghPigThe,106,11,6,64,25,0,0,5,2,65,6,7
GreatEasternPolkaThe,150,36,7,80,27,0,0,11,3,81,13,8
MammasPolka,105,15,6,63,21,0,0,6,3,64,6,8
BrokenLanternThe,106,11,7,64,24,0,0,5,2,65,6,7
NelsonsPillarreel,97,48,2,31,16,0,0,11,5,32,11,2
Morrisons,140,31,11,63,35,0,0,12,3,64,10,11
GoodforStartersslide,115,24,4,64,23,0,0,8,3,65,10,8
SeanFrankreel,103,43,3,32,25,0,0,10,5,33,12,4
RileysReel,72,10,8,33,21,0,0,3,4,34,4,8
DanPatsysSlide,98,11,3,64,20,0,0,5,3,65,5,4
PeelersPocketreelThe,125,63,4,32,26,0,0,10,4,33,19,4
JacksonsMorningBreeze,119,11,9,63,36,0,0,6,2,64,5,9
LadiesofDroghedareelThe,139,43,6,64,26,0,0,11,2,65,12,7
AnnesbrookHousereel,244,74,4,127,39,0,0,17,4,128,20,4
ShoresofBallybunionreelThe,158,59,6,64,29,0,0,13,3,65,17,6
TietheRibbonsreel,163,63,5,64,31,0,0,13,5,65,19,5
JennyAndTheWeaselreel,358,87,10,189,72,0,0,16,2,190,25,11
MissJohnstonreel,130,64,6,31,29,0,0,11,3,32,18,6
BlacksmithsFancyreelThe,149,52,5,64,28,0,0,12,3,65,14,5
BoysofMalinreelThe,141,52,8,47,34,0,0,8,5,48,13,7
AlexandersMarchNewWay,60,5,7,32,16,0,0,2,2,33,3,7
StaffordsReel,110,45,6,32,27,0,0,12,2,33,14,6
QueenoftheMayreelThe,147,64,5,47,31,0,0,12,6,48,16,5
MisterHenrysSingleJig,122,20,9,63,30,0,0,9,3,64,7,13
AskMyFather,129,27,8,61,33,0,0,10,5,62,12,9
MollyBawnreel,161,70,0,63,28,0,0,14,4,64,20,0
MullinsFavoritereel,146,48,5,64,29,0,0,9,6,65,16,7
MountainTopreelThe,97,40,4,32,21,0,0,12,3,33,9,4
FlowersofDoocastlereel,119,60,2,31,26,0,0,10,6,32,16,3
RosemaryLane,145,40,9,64,32,0,0,12,5,65,13,13
MickDuggansSlide,110,18,7,63,22,0,0,6,3,64,7,8
GallowglassJigThe,121,14,11,64,32,0,0,6,4,65,7,11
ImWaitingforYoureel,172,69,5,64,34,0,0,11,3,65,21,8
BelfastBoatThe,121,30,5,63,23,0,0,10,3,64,10,5
PrideofRathmorereelThe,105,50,3,31,21,0,0,13,4,32,14,3
CroninsHornpipe,149,58,2,64,25,0,0,11,3,65,17,2
ControversialReelThe,114,12,8,64,30,0,0,6,3,65,5,8
PaddyFahysJig,191,52,6,95,38,0,0,15,5,96,17,9
MaryDarbys,118,21,7,63,27,0,0,9,3,64,8,8
GalteeRangersreelThe,106,48,4,32,22,0,0,10,3,33,15,4
TailorsTwisthornpipeThe,159,59,8,64,28,0,0,12,3,65,17,7
WhitePonyThe,106,13,5,64,24,0,0,6,3,65,6,5
LadyontheLakereelThe,106,14,6,64,22,0,0,5,3,65,6,6
BluePantaloonsreelThe,74,28,1,31,14,0,0,7,2,32,8,1
JohnRyansRadioPolka,120,20,7,65,28,0,0,9,3,66,5,7
TureengarbhJigThe,107,12,8,64,23,0,0,6,2,65,6,8
KingofthePipesThe,176,28,11,96,41,0,0,11,3,97,9,12
DowntheGravelreel,90,35,3,31,21,0,0,9,3,32,9,3
LynchsHornpipe,153,60,4,64,25,0,0,13,5,65,17,4
IvoryFluteThe,97,7,4,64,22,0,0,3,3,65,4,4
KerryBorderpolkaThe,133,39,4,64,26,0,0,12,3,65,14,5
KidontheMountainThe,209,46,11,95,57,0,0,10,2,96,19,19
ClarHornpipeThe,145,51,6,64,24,0,0,12,5,65,15,5
Morrisonsreel,128,73,0,30,25,0,0,11,4,31,22,0
PadraicMacGiollarnath,136,36,5,63,32,0,0,11,3,64,14,6
LadsofDoocastlereelThe,162,45,12,63,42,0,0,13,6,64,9,12
MountCollinsReelThe,161,58,8,64,31,0,0,12,5,65,16,8
BadgersFancyhornpipeThe,152,56,4,64,28,0,0,11,5,65,18,4
LeitrimPiperThe,129,40,2,64,23,0,0,9,4,65,15,2
StreamstownHornpipeThe,54,2,5,32,15,0,0,1,1,33,1,5
KilkennyJigThe,211,16,11,149,35,0,0,8,3,150,7,11
PaddyTaylorsreel,218,71,6,97,44,0,0,16,5,98,21,6
KnottedCordreelThe,162,61,7,63,31,0,0,11,5,64,16,8
CasheldooSlideThe,115,12,10,61,32,0,0,5,3,62,6,11
BrotherGildasJig,111,7,9,64,31,0,0,3,2,65,4,9
BayShoreJigThe,128,13,10,64,41,0,0,5,3,65,7,13
MissCassidyreel,95,35,5,32,23,0,0,10,3,33,10,6
FieldsofWestmeathThe,126,18,11,60,37,0,0,8,3,61,9,12
CatthatAtetheCandlereelThe,158,57,6,63,32,0,0,13,4,64,14,7
MickyOCallaghansFavoritehpipe,136,45,4,64,23,0,0,9,3,65,14,4
KellysMerryThatcherreel,148,54,3,63,28,0,0,11,3,64,14,3
BrownsHornpipe,159,52,8,64,35,0,0,11,4,65,17,10
BonnieKateoriginalversionreel,116,55,7,31,23,0,0,13,3,32,13,6
AnythingforJohnJoereel,91,32,5,31,23,0,0,10,3,32,10,6
LadiesPantalettesreelThe,108,51,4,30,23,0,0,10,4,31,16,4
SalamancaReelThe,219,88,15,66,50,0,0,13,4,67,24,13
GanleysJig,130,34,6,64,26,0,0,9,4,65,13,8
RiverMeadowpolkaThe,125,21,9,64,31,0,0,8,3,65,10,13
DohertysKingofthePipers,311,15,17,225,54,0,0,7,3,226,7,17
BlackEyedSailorreelThe,207,87,9,61,50,0,0,12,3,62,30,12
CordalReelThe,135,72,4,32,27,0,0,13,3,33,21,4
WestWindowThe,110,12,9,64,25,0,0,6,3,65,5,12
WallacesCrosspolka,115,22,5,63,25,0,0,8,4,64,9,9
NewRoadreelThe,236,85,9,95,47,0,0,15,4,96,25,7
LeitrimJigThe,122,10,9,65,38,0,0,5,2,66,4,9
MermaidofMullaghmorereelThe,127,62,5,32,28,0,0,13,3,33,16,5
OldGreyGanderreelThe,113,52,3,32,26,0,0,10,4,33,15,3
WhenSickIsItTeaYouWant,146,50,4,63,29,0,0,12,5,64,16,4
GameCockThe,112,12,11,64,25,0,0,6,3,65,5,13
GlenRoadtoCarrickreel,332,93,11,161,67,0,0,18,3,162,28,10
DillanesHornpipe,169,71,5,62,31,0,0,13,3,63,20,5
RangerhpipeThe,159,56,7,64,32,0,0,13,3,65,16,10
GlensideCottagereelThe,73,14,7,32,20,0,0,5,3,33,3,7
FullSailstoGreenlandreel,203,82,11,63,47,0,0,12,2,64,26,11
DunphysHornpipe,181,85,1,64,31,0,0,12,3,65,24,1
TeartheCalicoreel,124,23,4,64,33,0,0,7,4,65,8,4
WicklowMountainsThe,107,14,8,48,37,0,0,7,4,49,6,10
AsIWentOutUpontheIcepolka,139,33,9,64,33,0,0,9,5,65,13,9
OvertheHillreel,148,58,3,63,24,0,0,13,3,64,15,3
FirstMonthofSummerreelThe,122,59,5,32,26,0,0,13,7,33,15,5
ItGoesAsFolliesreel,119,58,5,31,25,0,0,13,4,32,16,6
KnocknaboulReelThe,103,45,4,31,23,0,0,12,4,32,13,4
DerryleeReelThe,84,24,6,32,22,0,0,8,3,33,6,6
OConnellsWelcometoDublin,125,15,9,63,38,0,0,6,3,64,6,9
TomMoransFancy,159,26,10,74,49,0,0,10,3,75,12,26
JohnODwyeroftheGlensetdance,262,88,6,126,42,0,0,13,6,127,26,7
MissThorntonsreel,114,54,5,31,24,0,0,13,2,32,16,6
CourtingThemAllreel,100,47,3,31,19,0,0,12,4,32,11,3
AnacCuan,104,8,10,64,22,0,0,3,3,65,4,10
FrancieDonnellansReel,161,61,4,65,31,0,0,13,5,66,16,4
LassesofSaintBarrysreelThe,210,64,6,97,43,0,0,13,3,98,18,6
StrandRoadThe,134,28,12,63,31,0,0,8,3,64,10,14
PriestsJigThe,123,32,5,63,23,0,0,10,3,64,12,5
WholeChickenintheSoupslideThe,120,25,4,63,28,0,0,9,3,64,10,7
PatrickOConnorspolka,99,13,4,63,19,0,0,5,3,64,5,4
ElizabethBrogansreel,107,53,2,31,21,0,0,11,5,32,15,2
BuddyFureyspolka,119,24,7,63,25,0,0,9,3,64,8,9
SeanMcGovernspolka,123,25,7,62,29,0,0,10,4,63,10,9
PipersFavoritereelThe,78,19,5,32,22,0,0,7,4,33,7,6
FlowersofRedHillreelThe,177,76,2,62,37,0,0,15,4,63,24,2
HowFartoEnnisreel,167,66,7,64,30,0,0,13,6,65,18,6
DinnyMescallsSlide,119,13,13,64,29,0,0,7,3,65,6,16
JerryJoeGeorgepolka,163,51,9,63,40,0,0,11,2,64,21,13
JuniorsMouse,151,38,10,64,39,0,0,9,6,65,13,12
RoundtheWorldreel,153,64,6,48,35,0,0,11,7,49,18,7
GlassloughReelThe,84,31,3,32,18,0,0,9,2,33,10,3
Regans,108,13,6,64,25,0,0,5,3,65,8,7
SweepsHornpipeThe,144,67,2,48,27,0,0,14,3,49,22,2
BagofSpudsreelThe,163,65,4,63,31,0,0,10,3,64,18,5
SixpennyMoney,124,30,5,64,25,0,0,9,4,65,11,5
JacksonsWalktoLimerick,232,9,9,160,54,0,0,4,3,161,5,10
RavelledHankofYarnreelThe,146,45,5,64,32,0,0,11,4,65,14,5
IsYourWalletMadeofSilkslide,133,17,10,79,27,0,0,7,4,80,6,10
MossyBanksareelThe,115,45,10,32,28,0,0,9,5,33,12,10
MerryBoysofForereelThe,243,58,10,133,42,0,0,16,3,134,16,12
WindThatShakestheBarleyreelThe,88,28,5,32,23,0,0,11,4,33,7,6
YoungMollieMurphypolka,105,17,4,63,21,0,0,6,4,64,8,4
AutumnLeavesreelThe,93,36,4,31,22,0,0,9,3,32,10,4
MisterFlynnsFavoriteReel,116,12,11,66,27,0,0,6,2,67,3,11
OldTipperary,113,9,9,64,31,0,0,4,2,65,4,10
MovingBogsreelThe,118,61,1,31,25,0,0,12,4,32,18,1
LordMcDonaldsreel,108,20,8,48,32,0,0,8,4,49,4,8
LoughillHornpipeThe,186,77,7,64,38,0,0,12,6,65,23,8
BanksoftheHudsonreelThe,70,11,9,32,18,0,0,5,2,33,2,9
DerrymoreReelThe,120,62,3,32,23,0,0,13,4,33,16,3
SliabhRussell,203,10,10,149,34,0,0,5,2,150,4,10
AshplantreelThe,116,59,0,31,26,0,0,12,4,32,17,0
MouseintheCupboardThe,146,43,5,64,34,0,0,12,4,65,16,6
McGuckiansReel,95,39,5,31,20,0,0,12,3,32,8,5
JollyBangerreel,146,44,6,64,32,0,0,9,6,65,14,8
BanardJigThe,114,18,5,64,27,0,0,6,4,65,6,5
JoeKilmurrysJig,126,23,9,64,30,0,0,9,3,65,7,11
PatOBeirnesFavorite,111,11,6,64,30,0,0,5,3,65,5,7
ConOFlynnsJig,138,42,5,64,27,0,0,11,4,65,14,5
EileenOLoughlinsreel,80,22,7,32,19,0,0,9,3,33,7,8
MooneysReel,117,62,3,30,22,0,0,11,3,31,15,3
BobandJoanStoneybatter,89,15,6,47,21,0,0,6,3,48,6,8
QuinnsJig,108,10,9,64,25,0,0,5,3,65,4,9
CashenbridgePolkaThe,119,22,7,63,27,0,0,9,4,64,8,11
MissGunningsDelightreel,161,62,6,64,29,0,0,13,3,65,18,7
LobsterreelThe,104,44,4,31,25,0,0,9,3,32,13,4
QueenoftheCeilireelThe,106,47,7,31,21,0,0,10,3,32,14,4
DollyVardenpolkaThe,137,43,2,64,28,0,0,11,4,65,16,3
OakTreereelThe,345,146,13,111,75,0,0,15,4,112,40,14
BoringtheLeather,120,22,6,64,28,0,0,8,4,65,8,6
TomKeanesreel,129,25,9,64,31,0,0,8,5,65,9,9
HumorsofTullareel,96,44,2,31,19,0,0,8,5,32,12,2
KerryCowpolkaThe,123,20,10,63,30,0,0,9,4,64,6,14
OldOakTreereelThe,222,85,13,79,45,0,0,13,5,80,22,10
LassieatthePlowreelThe,106,9,9,64,24,0,0,3,2,65,3,9
HighlandersKneebucklereelThe,121,61,3,31,26,0,0,10,3,32,15,3
WanderingMinstrelThe,194,50,8,94,42,0,0,12,4,95,21,8
BarrelofWashreelThe,128,32,6,64,26,0,0,8,2,65,10,6
FriezeBreechesThe,110,17,7,62,24,0,0,8,3,63,8,8
ODonoghuesPub,109,9,6,64,30,0,0,4,2,65,5,6
McFarleysReel,177,74,7,64,32,0,0,16,4,65,20,8
Whelans,124,23,9,63,29,0,0,7,3,64,7,11
JamesMcMahonsJig,95,2,8,64,21,0,0,1,1,65,1,8
MartinMulhairesreel,177,76,5,64,32,0,0,13,5,65,22,5
CrookedReelThe,125,69,1,31,24,0,0,12,5,32,17,1
BanishMisfortune,333,45,8,223,57,0,0,15,4,224,16,18
McKiernansReel,75,26,0,31,18,0,0,8,3,32,8,0
HuntersPursereelThe,125,36,2,64,23,0,0,11,2,65,11,4
OldKerryCowreelThe,99,44,3,31,21,0,0,10,3,32,12,3
ButchersMarchiiThe,236,44,6,128,58,0,0,8,3,129,20,7
MattHayesJig,155,51,6,64,34,0,0,11,5,65,19,8
SwaggeringRakeThe,98,26,3,47,22,0,0,9,3,48,9,3
ShepherdsDaughterreelThe,252,79,6,127,40,0,0,15,6,128,22,6
ConsLimerickLassesreel,103,47,3,31,22,0,0,11,2,32,12,3
DowntheGortRoadreel,84,33,4,31,16,0,0,9,3,32,9,5
MammaNugentsPetreel,190,18,10,128,34,0,0,8,2,129,5,11
HazelStickThe,129,20,10,63,36,0,0,8,3,64,7,11
Bogansreel,71,7,7,33,24,0,0,3,3,34,3,7
PipersDelusionreelThe,90,38,3,31,18,0,0,9,4,32,10,4
FatoftheLandreelThe,99,46,2,31,20,0,0,11,5,32,13,2
CoppersandBrass,191,45,8,96,42,0,0,9,5,97,17,9
HielanmansKneebucklereelThe,172,59,9,64,40,0,0,13,3,65,17,8
GarrettBarrys,230,13,15,150,52,0,0,6,3,151,6,18
JohnKellysFavoritereel,202,29,8,128,37,0,0,8,4,129,8,8
JohnBrennanfromSligoreel,155,66,1,63,25,0,0,14,6,64,16,1
BarrelRaffertys,122,16,12,64,30,0,0,7,3,65,8,13
GlennOwenreel,160,69,6,48,37,0,0,14,3,49,21,7
WithinaMileofDublinreel,170,62,5,65,38,0,0,17,7,66,17,5
LiamsReel,181,70,6,63,42,0,0,9,4,64,20,7
CastleofGoldhornpipe,138,51,2,64,21,0,0,14,5,65,14,2
MurphysGreyhoundreel,82,22,5,32,23,0,0,8,4,33,6,6
MeenacrossJig,114,14,11,64,25,0,0,8,2,65,6,11
LampintheWindowreelThe,99,50,1,31,17,0,0,13,4,32,12,1
PoorOldWomanpolkaThe,113,18,8,63,24,0,0,6,4,64,6,10
BonnieKatefirstversionreel,114,54,5,32,23,0,0,13,6,33,13,6
